second,requests,avg_ms,p95_ms
0,23599,1.2105965651086865,3.279274499999997
1,23352,1.295259936193903,3.5649507500000017
2,23300,1.3045420284120286,3.645050699999999
3,22987,1.2921157369382648,3.3647554000000004
4,23957,1.3066157532662648,3.6103112000000017
5,22730,1.389470638231419,3.8568180499999998
6,23306,1.428697691023772,4.0617772500000004
7,22731,1.3325567357353292,3.4679325
8,22952,1.3797802382798978,3.7976346
9,23212,1.329656805014647,3.6265379000000006
10,22665,1.4148555685859303,4.070955199999996
11,22251,1.448660898611298,3.9311395
12,23627,1.2715511754772064,3.2282113000000003
13,22931,1.342068036849681,3.589256
14,22210,1.4502027590724922,4.1163965499999975
15,22362,1.325723967757797,3.42565675
16,23757,1.3004507441596187,3.624328200000001
17,21939,1.5376479629882855,4.488964599999998
18,21100,1.5569762207109061,4.340038649999999
19,22092,1.4950522940883502,4.43594005
20,25059,1.2020762604253878,3.1889315
21,22706,1.4487045600281898,4.07796525
22,21820,1.5581639605866124,4.384091199999999
23,22895,1.3389513631797343,3.618323999999999
24,22721,1.4640472774085678,4.251493
25,22149,1.442329984017338,4.381468599999991
26,22608,1.5013861899327665,4.313482999999994
27,22180,1.4505008513525728,4.29122665
28,25232,1.1354629046448963,2.721555799999997
29,22596,1.3790635545229213,3.7127617500000003
30,23225,1.3316513170290638,3.6018853999999982
31,23794,1.3196868178952583,3.734758249999998
32,23118,1.347382160697285,3.575937749999998
33,20012,1.6876542793823623,4.558352500000001
34,19906,1.8045624263036268,5.128661
35,25893,1.2019908097941474,3.266036199999997
36,22175,1.459955532897419,4.294994599999993
37,18341,2.008664586718286,5.347587
38,26706,1.0930784039916144,2.6640805
39,24147,1.2980498369983815,3.6028144
40,21562,1.6190298526110847,4.638492050000003
41,20367,1.7643027740462576,4.924455600000002
42,22521,1.3330882808933908,3.390195
43,26496,1.0963883772267526,2.60475625
44,19109,1.8746522426605294,5.001377999999996
45,23274,1.2535083696399416,3.2436734
46,23687,1.3672930308608107,3.9451041000000004
47,19019,1.8846729710289618,5.369389299999999
48,27196,1.070851372591557,2.40846975
49,16019,2.1690693603845235,5.380513599999999
50,28473,1.0071638031117172,2.131751999999999
51,14800,2.6577957502702714,5.8022266
52,28638,0.9758322651023202,1.9869663499999994
53,18955,1.7416051419678245,4.774019299999999
54,24175,1.259196567280249,3.5252095999999997
55,24686,1.2805497557724987,3.616578
56,17899,1.832732590703392,4.579959899999998
57,28806,0.9894674753176487,1.9897045
58,16650,2.234399343843844,5.375760899999998
59,28228,1.0193542476264708,2.2169648999999962
60,16516,2.351920558125465,5.56686175
61,29247,0.9408994891099829,1.8866866999999996
62,14636,2.6577444350915487,5.96709425
63,29218,0.9729996077418018,1.9459820999999997
64,14922,2.606474325760612,5.921277049999997
65,27152,1.0670897155273964,2.4470085999999984
66,21276,1.5859650965407037,4.74016625
67,19496,1.8988928721789158,5.351655750000001
68,29712,0.9413119040118411,1.8725707499999977
69,14794,2.761798544207109,5.937866149999999
70,23911,1.3868767995901434,4.0047844999999995
71,26938,1.0662552185017544,2.5080443499999996
72,14048,2.5846715827164073,5.7442076
73,26928,1.1345583539438464,2.886070949999998
74,26959,1.025810819985899,2.1731532
75,17054,1.6897020407528969,3.8468519499999974
76,29884,0.9266357652924601,1.84874145
77,14752,2.4599489551925005,5.5767237499999975
78,28744,1.0081426658780954,2.0914984999999997
79,16444,2.249725866820721,5.44382935
80,24959,1.2645531494050242,3.4472899999999993
81,25041,1.1791321469190523,3.305119
82,15059,2.7099911110299506,5.9596130999999986
83,29226,0.9367598002463582,1.85648725
84,21884,1.5725983144306277,4.672380349999996
85,16037,2.450114685851472,5.794530399999996
86,30214,0.9169891601575433,1.8202555999999992
87,21108,1.6207973822721295,4.7196157499999964
88,14853,2.580421726991187,5.803361399999999
89,28992,0.9587434319467515,1.9266821999999986
90,24934,1.2358460987807836,3.3788641999999998
91,13298,2.7530248650924944,5.979149249999999
92,25281,1.2450346503698397,3.26622
93,30360,0.8993650575428123,1.8177613999999997
94,15907,2.3885916181555147,5.943968799999997
95,15334,2.473546740837347,5.810887549999998
96,30092,0.909497536355189,1.8009340999999977
97,25984,1.0622590001539394,2.4015883999999983
98,17188,2.051936164824309,5.0395558000000005
99,30567,0.9106950449831424,1.7806127999999999
100,14507,2.5661360177845167,5.5802306999999995
101,25650,1.1884381807407394,3.1512531999999998
102,26880,1.0834811399553517,2.5587919999999986
103,14698,2.397064038372568,5.213794999999999
104,26256,1.151241041057281,2.899655
105,28329,1.0013791092520095,2.1720487999999984
106,14783,2.769180697963869,5.9337372
107,22531,1.2838262976787551,3.178393
108,30158,0.9304478117249154,1.8494083
109,18328,1.7781853043976403,4.515079649999999
110,15442,2.5525748982644765,5.848414299999997
111,29503,0.9309504015184916,1.8840881999999988
112,27470,0.9912818854022607,2.0612519
113,14622,2.6966934210778306,6.006809649999999
114,18900,1.983021743809534,5.389277249999999
115,29491,0.9358791710013193,1.842841
116,25839,1.229326571732656,3.5680301999999977
117,14542,2.7926909271076927,6.0058202
118,18373,1.9720995844989937,5.279459399999997
119,30233,0.9177275714616524,1.8590729999999995
120,28311,1.017984535798812,2.226426
121,14311,2.6491418369086634,5.876718500000001
122,14363,2.7936818271252557,6.156296199999999
123,28073,1.051206480319161,2.3444861999999977
124,29576,0.9360105779348131,1.8414375
125,14712,2.022525690456763,4.5868768
126,14121,2.6430478839317386,5.859291
127,24439,1.3361328881296362,3.7175544
128,30127,0.9287743209081539,1.8757849999999996
129,27228,0.9897157804098701,2.070512099999999
130,14426,2.7752467039373383,6.083614750000001
131,13395,2.8394617845464687,6.414113999999999
132,25662,1.2238413970851791,3.1811290999999997
133,29723,0.9275312077852141,1.8188050999999987
134,29948,0.9197899732536323,1.8155534999999998
135,16150,2.4329117058823586,5.6294781
136,15697,2.4235323560552966,5.670438599999998
137,29841,0.9340074446901855,1.907729
138,28101,1.0387494580975793,2.400652
139,14807,2.7390277314783438,5.913880099999998
140,17507,2.0865452163134774,5.147981500000001
141,29949,0.9139993889612325,1.8256153999999996
142,29156,0.9436857703731645,1.92345825
143,14756,2.7113191532935885,5.94486225
144,14786,2.6898993918571614,6.0458039999999995
145,28654,1.0039937046834682,2.1214644999999996
146,29712,0.908918142703284,1.8246741499999988
147,19732,1.82926314560106,5.204884450000005
148,14184,2.9292053206429816,6.56539489999999
149,20429,1.738602266924466,4.895351999999999
150,29851,0.9242438622156752,1.8489529999999998
151,30111,0.929018215004479,1.83631
152,15342,2.3272925275713594,5.484089949999997
153,14189,2.842930675734734,6.368920199999998
154,26288,1.1759303597078623,2.83640985
155,29748,0.9212917493949137,1.8268001999999999
156,24555,1.307980005497859,3.7279327999999996
157,14291,2.840938160800508,6.227257
158,13978,2.8465891098154255,6.272418249999999
159,25581,1.2059227556780419,3.071607
160,29569,0.9367185016064155,1.8866909999999995
161,29758,0.9240005433832877,1.83468785
162,16911,2.254256011235286,6.011134
163,14437,2.7977306296322073,6.137866399999996
164,15087,2.534848031285226,5.786493199999999
165,28045,1.042743714958099,2.3159766
166,30171,0.9285254987239376,1.8811215
167,29422,0.9250688067772469,1.8237296999999995
168,15417,2.50404529266395,5.735878799999998
169,14714,2.74452871034387,5.919143699999998
170,14339,2.8605130235720697,6.3857603
171,24176,1.358014562293192,3.634506
172,29749,0.9211356142391334,1.8782537999999998
173,29705,0.9235455550917401,1.8352431999999999
174,23588,1.145480897871802,2.7115910999999993
175,13958,2.5640388726895034,5.929663949999999
176,13337,2.81844312649023,6.148578399999992
177,15792,2.441641593401724,5.723701849999998
178,30295,0.9241767352368367,1.8693554
179,29400,0.9542509323469404,1.8732891999999999
180,29674,0.9361770173552634,1.8511307499999998
181,23239,1.2735169044709336,3.330364999999998
182,14005,2.902496021563723,6.443719199999996
183,16226,2.4205504945149663,5.74432575
184,29937,0.9433732012893749,1.9524849999999998
185,29825,0.9331706842246439,1.8331342
186,22275,1.5295361669584733,4.5628804999999995
187,14414,2.8469105538365485,6.174934849999998
188,14739,2.7077206266368092,6.114904299999993
189,28198,1.0317120729838951,2.211466999999999
190,30335,0.908407987374317,1.8346302999999997
191,28545,0.9568069641268133,1.9665432
192,14493,2.8297809651556003,6.175057
193,17369,1.9496313862628751,4.753062999999997
194,29560,0.9417918692489848,1.8316788499999994
195,29488,0.9396877370455721,1.8359273499999988
196,27607,1.055641808780385,2.4588493999999996
197,14943,2.7238745261995567,5.823086199999999
198,14829,2.8182058931822658,6.102559799999997
199,15033,2.71902452883659,6.3314266
200,28897,0.9935155798871905,2.1356289999999993
201,29599,0.9485674612993699,1.8758209999999995
202,29563,0.9341572836653859,1.8485259999999997
203,16795,2.22864124495387,5.823458399999998
204,13986,2.9119914830544884,6.33686575
205,13570,2.9250548910832697,6.414467999999996
206,26119,1.186299263677786,2.829154199999999
207,30029,0.9268357292284042,1.8700241999999996
208,29112,0.9550255673261916,1.8668310499999994
209,24559,1.3105959377417697,3.933486399999999
210,13796,2.9915877523919785,6.5170775
211,13573,3.0036535348117677,6.494865799999998
212,14909,2.6398179118653013,6.3258116
213,28774,1.0227030323208446,2.2415521999999988
214,29803,0.9424771797470072,1.8888447999999998
215,29727,0.9399102998957144,1.8898401999999994
216,24192,1.3071687294973486,3.9521592000000005
217,14368,2.8333667793708446,6.283023499999999
218,15212,2.6806494874441174,5.68436175
219,13845,2.8746724457927013,6.3345959999999994
220,20218,1.6118045668216487,4.032403699999992
221,29030,0.9435536071305575,1.8740961999999999
222,29738,0.9516638192211975,1.8973741499999996
223,30124,0.9334693923781736,1.8660228999999995
224,19927,1.7757634422642616,5.302440400000001
225,13940,2.905800663916788,6.2516545
226,13537,3.0362637387899705,6.69501079999999
227,13245,3.0681313506983687,7.001457199999999
228,24499,1.3252542344585532,3.372725999999997
229,29875,0.9304365605355646,1.8699983
230,29741,0.9354845227463673,1.848386
231,25025,0.9364369199600384,1.8484727999999995
