second,requests,avg_ms,p50_ms,p90_ms,p99_ms
0,19826,1.4446006478361757,0,2.6435985000000004,0
1,19966,1.4895674737553932,0,2.7959265,0
2,19798,1.5833477740680884,0,3.200525399999999,0
3,19546,1.6078917512023019,0,3.2404200000000003,0
4,20179,1.5422097283809872,0,3.1887584,0
5,19343,1.5580877846249328,0,3.2297613999999997,0
6,19883,1.5372067509933116,0,3.389575199999998,0
7,19567,1.4988388896611646,0,2.996416400000002,0
8,19519,1.5920328242225534,0,3.2577324,0
9,19953,1.5053290708665392,0,3.0298361999999996,0
10,19371,1.625105814361673,0,3.378878,0
11,19217,1.5754266520788887,0,3.2210148000000003,0
12,19889,1.514472655789637,0,3.047815400000002,0
13,19458,1.6204861723198785,0,3.4044366,0
14,18240,1.7671193285087738,0,3.844885800000001,0
15,20583,1.5905349295535196,0,3.3381117999999996,0
16,18504,1.7167534439040082,0,3.7009597000000003,0
17,20948,1.4448759597097616,0,2.7588713999999994,0
18,19133,1.7597307845607018,0,4.019750799999999,0
19,19841,1.5440828809535683,0,3.241117,0
20,19065,1.6950295646997142,0,3.7888326000000006,0
21,19981,1.6023265317051085,0,3.430221,0
22,19431,1.560734187586857,0,3.200811,0
23,18666,1.8180446121289926,0,4.034666,0
24,19917,1.5793486343826832,0,3.4913096000000023,0
25,20545,1.4738140003894005,0,2.8572562000000006,0
26,18667,1.7086860348743727,0,3.7047150000000015,0
27,20186,1.5465526190924428,0,3.2373005,0
28,17943,1.7936839340690014,0,3.900010400000002,0
29,20456,1.5415874006648347,0,3.1769055,0
30,19262,1.6010223873429583,0,3.4401578,0
31,20125,1.6190282574409904,0,3.4104016000000037,0
32,17902,1.8414360358619242,0,4.1464541,0
33,18064,1.8747403412311723,0,4.1864897,0
34,21918,1.3757688376676722,0,2.4841682,0
35,17466,1.934585416924311,0,4.331993,0
36,20943,1.4480422164923865,0,2.9408876,0
37,20179,1.468396890232425,0,2.8882035999999998,0
38,18814,1.6729119345699963,0,3.6010009000000003,0
39,19101,1.6439349202136053,0,3.615897,0
40,18899,1.668035103338804,0,3.5464800000000016,0
41,18406,1.7480960044007394,0,3.94726,0
42,18978,1.7161788975655996,0,3.730936,0
43,20367,1.5337747193008304,0,3.2205110000000046,0
44,19756,1.6938893997266546,0,3.8208200000000003,0
45,19339,1.6994377614147615,0,3.764890600000001,0
46,18840,1.771588052600856,0,3.8710561000000037,0
47,17935,1.529672529467519,0,2.9859502,0
48,18303,1.7776857920013123,0,4.0990142,0
49,21014,1.4212668668982646,0,2.8421738,0
50,18886,1.7272132353065897,0,3.703645,0
51,22023,1.3577826830586224,0,2.4617177999999997,0
52,19205,1.7626620247852138,0,3.8994052000000003,0
53,18646,1.7870776648610966,0,4.093908000000001,0
54,18622,1.800319056492325,0,4.0403726,0
55,21019,1.4487166221513919,0,2.922872200000001,0
56,21265,1.468197773430519,0,2.991370000000001,0
57,16443,1.8122031550203843,0,3.7694270000000016,0
58,19875,1.5335283771572277,0,3.208238,0
59,19183,1.671142602304122,0,3.6683027999999998,0
60,18799,1.7503977837650957,0,3.8406812000000006,0
61,20188,1.56524398038438,0,3.368978199999998,0
62,20757,1.5168840055884774,0,3.0498030000000016,0
63,20385,1.5691481281334303,0,3.3674902000000033,0
64,19439,1.6501333430217646,0,3.496602600000001,0
65,16533,2.0650718564083963,0,4.617046600000002,0
66,22758,1.2115660842780567,0,2.1865022,0
67,17920,1.8306402427455282,0,4.129580600000001,0
68,17274,1.7127864081278197,0,3.6326424000000004,0
69,22894,1.295352707434262,0,2.2867771,0
70,18293,1.8023278095992905,0,3.9978087999999996,0
71,17712,1.8619158793473498,0,4.045112099999999,0
72,20672,1.50946957609327,0,3.1986071000000016,0
73,22044,1.4204563641353576,0,2.6352540000000007,0
74,16391,2.1658204255384024,0,4.959327,0
75,19024,1.6447066873948673,0,3.5090187000000004,0
76,21875,1.370273554880003,0,2.601906400000001,0
77,14819,2.381532660300974,0,5.1029242,0
78,23022,1.254221081183216,0,2.247126,0
79,16504,2.0170138304653364,0,4.3425859,0
80,17302,1.8111035916657008,0,3.8415755999999996,0
81,21173,1.4477569570207331,0,2.7974729999999997,0
82,17675,1.761294084809053,0,3.7187526,0
83,21383,1.3716630813262827,0,2.6369867999999994,0
84,21543,1.454066030450724,0,2.8478977999999997,0
85,16071,2.2658093645697286,0,5.092668,0
86,21683,1.401213263570535,0,2.6928552,0
87,19389,1.68322934034762,0,3.7035634,0
88,17644,1.951586806393109,0,4.5898857,0
89,22744,1.339493384321138,0,2.4456744,0
90,14961,2.395416538065632,0,5.246029,0
91,23949,1.2056768704330132,0,2.1435382,0
92,13783,2.7878558546034937,0,5.848487200000001,0
93,24089,1.184688183444729,0,2.1174076,0
94,14271,2.622964125779555,0,5.605319,0
95,22577,1.356719794126776,0,2.4902416000000014,0
96,17002,1.9090152178567232,0,4.2078565999999995,0
97,22801,1.2159696740932444,0,2.170445,0
98,18103,1.881369401425189,0,4.179515000000001,0
99,18493,1.6582260892770193,0,3.6328681999999994,0
100,22874,1.2693431082451816,0,2.2566576000000005,0
101,16014,2.065132090982872,0,4.4383935,0
102,22420,1.317633829348796,0,2.4030791000000025,0
103,16285,2.1690471274178753,0,4.823147,0
104,22783,1.3194802441293827,0,2.36654,0
105,15012,2.435117455635496,0,5.195589099999999,0
106,25315,1.113750910645862,0,1.951916000000001,0
107,12586,3.011509047592554,0,5.843568,0
108,24579,1.1756627848570045,0,2.1026434000000003,0
109,15596,2.313475333611185,0,5.2316994999999995,0
110,19498,1.6706593004410726,0,3.6956404,0
111,21870,1.2448368630086848,0,2.2207054000000004,0
112,18872,1.784960010703685,0,3.9416028000000014,0
113,18079,1.881194587089995,0,4.245993,0
114,22397,1.3286217809974639,0,2.433694,0
115,15788,2.2972809613630543,0,5.225594500000002,0
116,23865,1.2407926314686784,0,2.2052844000000005,0
117,15066,2.3095767433293446,0,5.131717999999999,0
118,22991,1.2865134324735825,0,2.336609,0
119,16736,2.0187984320626176,0,4.5894965,0
120,20660,1.5492647251694054,0,3.161283100000002,0
121,19860,1.5840042861027122,0,3.366070800000001,0
122,16114,2.0419064205659594,0,4.393428200000001,0
123,24907,1.1377767485044363,0,2.018446,0
124,14691,2.4445323542985657,0,5.302734,0
125,25395,1.0707300151604613,0,1.9365012000000006,0
126,12459,2.817996375070222,0,5.509794000000001,0
127,21364,1.4556460972664367,0,2.824025600000001,0
128,21894,1.324501170731706,0,2.4064908,0
129,12522,2.9470174202204165,0,5.7373185,0
130,23266,1.299669378707121,0,2.3780200000000002,0
131,21439,1.415853443537489,0,2.610326,0
132,17723,1.9296240351520675,0,4.226466200000002,0
133,22016,1.3459698079124247,0,2.5259845,0
134,16304,2.1448684474975366,0,4.683733400000001,0
135,24131,1.1720812871824642,0,2.080507,0
136,13377,2.2254831291769506,0,4.2631486,0
137,25603,1.0590199790649524,0,1.8962379999999996,0
138,15236,2.391787924127058,0,5.168615,0
139,20445,1.5645438882856553,0,3.417395200000006,0
140,22043,1.3065124542031534,0,2.3593216,0
141,12902,2.822733066578824,0,5.5190195,0
142,24658,1.170031110633469,0,2.1104012,0
143,18448,1.7333990772983503,0,3.8305058999999995,0
144,14697,2.521612917125928,0,5.3399252,0
145,25345,1.1058390200434003,0,1.9627696000000001,0
146,17119,2.0716714393948297,0,4.8254198,0
147,14276,2.679365482067816,0,5.6667629999999996,0
148,25832,1.0822076734670139,0,1.9401724000000007,0
149,17225,1.9722732218867902,0,4.543607000000001,0
150,13601,2.3449368934637143,0,4.989527,0
151,25545,1.100079048972397,0,1.9609874000000005,0
152,18137,1.8438439070408674,0,4.147338,0
153,12129,3.044824738642921,0,5.853523600000002,0
154,24923,1.1380413281306365,0,2.0663174,0
155,17913,1.8061322984982922,0,3.9331634000000006,0
156,19481,1.67392060910631,0,3.517546,0
157,21418,1.3830229773554983,0,2.7115237999999997,0
158,13779,2.782090908774222,0,5.5364972,0
159,25612,1.060929286779637,0,1.9079449000000006,0
160,16583,2.100663190074176,0,4.8058364000000005,0
161,17674,1.9671614703519142,0,4.346841000000002,0
162,25779,1.087678439117115,0,1.9578330000000002,0
163,14108,2.685504733555419,0,5.523861000000001,0
164,18438,1.8187156821781214,0,3.940672299999999,0
165,25886,1.0436058284400742,0,1.8885825,0
166,13613,2.7973381275251663,0,5.743072800000001,0
167,17716,1.8826683012531114,0,4.1641355,0
168,25525,1.088924147228205,0,1.9435192000000001,0
169,15925,2.221435379277855,0,5.0277314,0
170,13966,2.6338595367320594,0,5.566279,0
171,25557,1.0889126771530337,0,1.9523380000000001,0
172,20921,1.5000452888963234,0,3.095535,0
173,12751,3.0351433098580505,0,5.810662,0
174,19677,1.6227860602734194,0,3.3783316000000045,0
175,25112,1.088169603376871,0,1.9753735000000001,0
176,15779,2.21898384682173,0,5.127554000000001,0
177,12180,3.134910014121503,0,6.023403699999999,0
178,23818,1.2598477857082828,0,2.2331817999999997,0
179,25762,1.0904977856144666,0,1.9749583000000002,0
180,13648,2.8142782788686906,0,5.797453300000001,0
181,21563,1.46879609330798,0,2.909705,0
182,21792,1.404899589207051,0,2.584410100000003,0
183,12853,3.0299868681241646,0,5.815228800000001,0
184,24692,1.1713230703871722,0,2.092978900000001,0
185,19844,1.4290347888530548,0,2.6998256000000005,0
186,13117,2.915111217046568,0,5.652180199999999,0
187,25179,1.1275299070256946,0,2.0017958,0
188,20213,1.6302729372186135,0,3.6183444,0
189,12330,3.1426463045417576,0,6.027086800000001,0
190,23904,1.2218829878681428,0,2.1885702,0
191,23382,1.200213322598578,0,2.1486129000000003,0
192,12495,2.464171894597843,0,4.777440800000001,0
193,18859,1.7850967836046538,0,3.8754594,0
194,23007,1.291932827400349,0,2.3211032,0
195,12327,3.1886677362699705,0,6.1365908,0
196,18279,1.8186172840417951,0,4.162187000000001,0
197,25462,1.0892855312622671,0,1.9573507,0
198,19039,1.688341063921425,0,3.6957772,0
199,12469,3.03797493279332,0,5.962780200000002,0
200,19993,1.6473273058070352,0,3.4043295999999996,0
201,25361,1.1207577132210844,0,1.977236,0
202,19324,1.4016694388842947,0,2.6165712,0
203,11060,2.91692660895117,0,5.707258700000002,0
204,18378,1.8483418703885066,0,4.0400027,0
205,25461,1.1190810158674098,0,1.992713,0
206,22556,1.2388078315304138,0,2.1718945,0
207,12402,3.1114256462667123,0,5.9763921999999985,0
208,13237,2.8807560676890573,0,5.632066,0
209,25674,1.0780042277790782,0,1.9353995000000002,0
210,25754,1.0859518440242344,0,1.9323010000000003,0
211,16710,1.7972547064033468,0,3.8299186000000014,0
212,14442,2.271910913862346,0,4.4319977999999995,0
213,25868,1.057943361566411,0,1.8864752999999999,0
214,19246,1.554265765509714,0,3.000433,0
215,12922,3.0254636133725543,0,5.7687844,0
216,23012,1.3122535595341591,0,2.3740881000000003,0
217,25752,1.110550954721969,0,1.9594679,0
218,12900,3.0413504878294533,0,5.7839821,0
219,15554,2.273819706570663,0,4.9233738,0
220,25645,1.0528751726262475,0,1.9082976000000003,0
221,21803,1.406057974819969,0,2.7779565999999996,0
222,12437,3.2055184888638815,0,6.136527200000001,0
223,17639,1.9700757768581043,0,4.390971200000002,0
224,25306,1.0766174526199308,0,1.934253,0
225,21451,1.39104885175516,0,2.742484,0
226,12382,3.0560607306574084,0,5.9026716,0
227,16256,2.1706834813607405,0,4.7894345000000005,0
228,25309,1.1093013211505807,0,1.9769904,0
229,24416,1.1675422839531424,0,2.087755,0
230,12215,2.6333630338108747,0,5.0698558,0
231,12452,3.037662456553164,0,5.9580275,0
232,24221,1.1894818798563243,0,2.143665,0
233,25352,1.0905996851136117,0,1.9730131000000004,0
234,17698,1.968238362865865,0,4.534887300000002,0
235,12213,3.2316597883402967,0,6.169060600000001,0
236,15978,1.8880696724245918,0,4.105940600000001,0
237,25466,1.1066905641639886,0,1.9809435,0
238,25392,1.1009992430292903,0,1.9776099000000003,0
239,12327,2.831592744544492,0,5.770789199999999,0
240,12150,3.115244694979432,0,6.032325000000001,0
241,20027,1.6883529141159392,0,3.6369716000000034,0
242,25562,1.0902724495344653,0,1.9536022000000002,0
243,18235,1.8511423209761382,0,4.103956000000001,0
244,12552,3.007057453632888,0,5.8910731,0
245,24169,1.2205941661632673,0,2.2073030000000005,0
246,24798,1.123865596056133,0,2.0144067999999997,0
247,12764,2.542541410529608,0,4.9516536,0
248,14918,2.5113380491352695,0,5.310268700000004,0
249,25602,1.0894226879931215,0,1.9691390999999998,0
250,23821,1.1474649208681449,0,2.042016,0
251,12746,2.829668261179972,0,5.593788,0
252,14892,2.530415856298686,0,5.3447316,0
253,25277,1.0996868535427484,0,1.9585780000000006,0
254,25510,1.0996325900039188,0,1.9588344000000006,0
255,13227,2.922930863007488,0,5.794215,0
256,12589,3.119305746604174,0,5.9849842,0
257,23361,1.2710767795043048,0,2.265011,0
258,25771,1.0377834120135028,0,1.866359,0
259,19208,1.7208901025614405,0,3.8189310999999995,0
260,12696,3.069173387287346,0,5.8009795,0
261,14201,2.6966954509541656,0,5.445482,0
262,25370,1.110516662160025,0,1.9914504000000004,0
263,25385,1.0887240453023515,0,1.946158800000001,0
264,17440,1.9644261498853228,0,4.5904113,0
265,12347,3.0519497908803674,0,5.851794399999999,0
266,14563,2.5747205087550475,0,5.2972224,0
267,25759,1.0818120696455582,0,1.9403932,0
268,25648,1.084450582033683,0,1.9406428999999998,0
269,18493,1.71264380273617,0,3.7328965999999997,0
270,12843,3.0894366758545613,0,5.8746858,0
271,12725,3.06331291151277,0,5.954968600000001,0
272,23057,1.29613716597996,0,2.39681,0
273,25250,1.0906239328316822,0,1.9791275000000006,0
274,24626,1.1139290729310474,0,1.98041,0
275,12282,2.8900208513271504,0,5.643249099999999,0
276,11714,3.160613867935775,0,5.9727965,0
277,16894,1.9895110845862491,0,4.323528200000002,0
278,26045,1.0782819579189808,0,1.9264762000000009,0
279,25524,1.0799588391709776,0,1.9300174,0
280,21435,1.4045232994634949,0,2.7704056,0
281,12768,2.862494258301998,0,5.5420620000000005,0
282,18890,1.8056156493912048,0,3.891462900000002,0
283,25854,1.057324581109305,0,1.8843414000000003,0
284,20635,1.5438861832323723,0,3.1464906000000044,0
285,12593,3.1151020080997434,0,5.9461436,0
286,17381,1.9996093350785396,0,4.361497,0
287,25914,1.0576885534074247,0,1.8919425,0
288,24509,1.1545119237422945,0,2.0533058000000004,0
289,12933,2.629703773215799,0,5.162894800000001,0
290,12580,3.031626055882345,0,5.909581300000001,0
291,24206,1.172964139263002,0,2.1435095000000004,0
292,25905,1.074117073460716,0,1.9245064000000003,0
293,19775,1.493110464070798,0,2.970534600000002,0
294,12698,2.8189856056071907,0,5.532161100000001,0
295,13952,2.6449253135034367,0,5.4986843,0
296,25566,1.0623078869983476,0,1.92204,0
297,25767,1.096480654364113,0,1.9766408000000002,0
298,18994,1.7682264519321844,0,4.0444541,0
299,12988,3.014734563058213,0,5.827434600000002,0
300,268,2.9358507537313434,0,5.708542700000001,0
